"HITId","HITTypeId","Title","Description","Keywords","Reward","CreationTime","MaxAssignments","RequesterAnnotation","AssignmentDurationInSeconds","AutoApprovalDelayInSeconds","Expiration","NumberOfSimilarHITs","LifetimeInSeconds","AssignmentId","WorkerId","AssignmentStatus","AcceptTime","SubmitTime","AutoApprovalTime","ApprovalTime","RejectionTime","RequesterFeedback","WorkTimeInSeconds","LifetimeApprovalRate","Last30DaysApprovalRate","Last7DaysApprovalRate","Input.image_url","Answer.carbs","Answer.cholesterol","Answer.fat","Answer.fiber","Answer.protein","Answer.sodium","Answer.sugars","Approve","Reject"
"3TY2U1TEB7SYEXDOC4YOUF9SSKOJJV","3LOAKXD6JC8RRXJS012MK6BKBVMERV","Transcribe numbers on a Nutrition Label","Write the number of grams/milligrams for each of the selected categories on the Nutrition Label.","image, write, transcription","$0.02","Sun Feb 08 10:55:49 GMT 2015","1","BatchId:1814573;","300","18000","Sun Feb 08 13:55:49 GMT 2015","","","3M0BCWMB8WEHPID5LE9NA1F630FWBE","A2MA4YLW1JNR4A","Approved","Sun Feb 08 11:33:55 GMT 2015","Sun Feb 08 11:34:13 GMT 2015","Sun Feb 08 08:34:13 PST 2015","Sun Feb 08 03:57:53 PST 2015","","","18","100% (78/78)","100% (78/78)","100% (78/78)","http://www.bu.edu/nisprod/dining/data/menus/labels/776153213.gif","1","50","1.5","0","17","450","1"
"3KA7IJSNW6NOIPIAJPQRTNCRTELPBG","3LOAKXD6JC8RRXJS012MK6BKBVMERV","Transcribe numbers on a Nutrition Label","Write the number of grams/milligrams for each of the selected categories on the Nutrition Label.","image, write, transcription","$0.02","Sun Feb 08 10:56:09 GMT 2015","1","BatchId:1814573;","300","18000","Sun Feb 08 13:56:09 GMT 2015","","","31EUONYN2WLOTN29Z99DUJWR3QWOV0","A2MA4YLW1JNR4A","Approved","Sun Feb 08 11:46:22 GMT 2015","Sun Feb 08 11:46:37 GMT 2015","Sun Feb 08 08:46:37 PST 2015","Sun Feb 08 03:57:54 PST 2015","","","15","100% (78/78)","100% (78/78)","100% (78/78)","http://www.bu.edu/nisprod/dining/data/menus/labels/1038747023.gif","48","70","15","7","22","750","15"
"39AYGO6AFF2I9SP27JWREIL4FYAN6Y","3LOAKXD6JC8RRXJS012MK6BKBVMERV","Transcribe numbers on a Nutrition Label","Write the number of grams/milligrams for each of the selected categories on the Nutrition Label.","image, write, transcription","$0.02","Sun Feb 08 10:56:09 GMT 2015","1","BatchId:1814573;","300","18000","Sun Feb 08 13:56:09 GMT 2015","","","3TPWUS5F8AJ0ZN5BZE5ILLLOLLFWCL","A2MA4YLW1JNR4A","Approved","Sun Feb 08 11:34:13 GMT 2015","Sun Feb 08 11:34:29 GMT 2015","Sun Feb 08 08:34:29 PST 2015","Sun Feb 08 03:57:53 PST 2015","","","16","100% (78/78)","100% (78/78)","100% (78/78)","http://www.bu.edu/nisprod/dining/data/menus/labels/1037447721.gif","37","50","24","4","23","480","3"
"3DQYSJDTYLTRY1WLF72YO84FYA8EXU","3LOAKXD6JC8RRXJS012MK6BKBVMERV","Transcribe numbers on a Nutrition Label","Write the number of grams/milligrams for each of the selected categories on the Nutrition Label.","image, write, transcription","$0.02","Sun Feb 08 10:55:50 GMT 2015","1","BatchId:1814573;","300","18000","Sun Feb 08 13:55:50 GMT 2015","","","3SEPORI8WOHG03DIQNTYEUPI2KYAZN","A2MA4YLW1JNR4A","Approved","Sun Feb 08 11:39:32 GMT 2015","Sun Feb 08 11:39:51 GMT 2015","Sun Feb 08 08:39:51 PST 2015","Sun Feb 08 03:57:51 PST 2015","","","19","100% (78/78)","100% (78/78)","100% (78/78)","http://www.bu.edu/nisprod/dining/data/menus/labels/771114249.gif","50","0","12","6","19","950","16"
"3L21G7IH47EHE5SJ8FTL02SUB7Y1Y4","3LOAKXD6JC8RRXJS012MK6BKBVMERV","Transcribe numbers on a Nutrition Label","Write the number of grams/milligrams for each of the selected categories on the Nutrition Label.","image, write, transcription","$0.02","Sun Feb 08 10:55:50 GMT 2015","1","BatchId:1814573;","300","18000","Sun Feb 08 13:55:50 GMT 2015","","","3YOH7BII0AP53WHU1HHKN2FIJLLKVB","A2MA4YLW1JNR4A","Approved","Sun Feb 08 11:35:26 GMT 2015","Sun Feb 08 11:35:45 GMT 2015","Sun Feb 08 08:35:45 PST 2015","Sun Feb 08 03:57:51 PST 2015","","","19","100% (78/78)","100% (78/78)","100% (78/78)","http://www.bu.edu/nisprod/dining/data/menus/labels/765413968.gif","52","95","21","3","46","1100","2"
"34F34TZU7WHY81FG5JSWVYNBQ932JS","3LOAKXD6JC8RRXJS012MK6BKBVMERV","Transcribe numbers on a Nutrition Label","Write the number of grams/milligrams for each of the selected categories on the Nutrition Label.","image, write, transcription","$0.02","Sun Feb 08 10:56:10 GMT 2015","1","BatchId:1814573;","300","18000","Sun Feb 08 13:56:10 GMT 2015","","","3S0TNUHWKU0ZEEF717KNRB0KOEO8DI","A2MA4YLW1JNR4A","Approved","Sun Feb 08 11:50:07 GMT 2015","Sun Feb 08 11:50:20 GMT 2015","Sun Feb 08 08:50:20 PST 2015","Sun Feb 08 03:57:49 PST 2015","","","13","100% (78/78)","100% (78/78)","100% (78/78)","http://www.bu.edu/nisprod/dining/data/menus/labels/1021709490.gif","40","0","2","2","4","110","1"
"3PR3LXCWSFHA35547WMCWU347DRX92","3LOAKXD6JC8RRXJS012MK6BKBVMERV","Transcribe numbers on a Nutrition Label","Write the number of grams/milligrams for each of the selected categories on the Nutrition Label.","image, write, transcription","$0.02","Sun Feb 08 10:56:02 GMT 2015","1","BatchId:1814573;","300","18000","Sun Feb 08 13:56:02 GMT 2015","","","39KFRKBFIOD5XHXE4KWX1I0LL7YOY9","A2MA4YLW1JNR4A","Approved","Sun Feb 08 11:49:13 GMT 2015","Sun Feb 08 11:49:26 GMT 2015","Sun Feb 08 08:49:26 PST 2015","Sun Feb 08 03:57:50 PST 2015","","","13","100% (78/78)","100% (78/78)","100% (78/78)","http://www.bu.edu/nisprod/dining/data/menus/labels/441114768.gif","4","15","4.5","1","9","270","1"
"39WSF6KUV2344SITEGF25VDMM62EOO","3LOAKXD6JC8RRXJS012MK6BKBVMERV","Transcribe numbers on a Nutrition Label","Write the number of grams/milligrams for each of the selected categories on the Nutrition Label.","image, write, transcription","$0.02","Sun Feb 08 10:56:10 GMT 2015","1","BatchId:1814573;","300","18000","Sun Feb 08 13:56:10 GMT 2015","","","33CKWXB73K2NBJFAMTRDBZC3LBF111","A2MA4YLW1JNR4A","Approved","Sun Feb 08 11:38:38 GMT 2015","Sun Feb 08 11:38:52 GMT 2015","Sun Feb 08 08:38:52 PST 2015","Sun Feb 08 03:57:55 PST 2015","","","14","100% (78/78)","100% (78/78)","100% (78/78)","http://www.bu.edu/nisprod/dining/data/menus/labels/1018652309.gif","7","50","11","1","23","310","4"
"307FVKVSYRXFRKT18OMNLNF0JSZ74M","3LOAKXD6JC8RRXJS012MK6BKBVMERV","Transcribe numbers on a Nutrition Label","Write the number of grams/milligrams for each of the selected categories on the Nutrition Label.","image, write, transcription","$0.02","Sun Feb 08 10:55:50 GMT 2015","1","BatchId:1814573;","300","18000","Sun Feb 08 13:55:50 GMT 2015","","","3ND9UOO81LKT2RZHCRYHO4BBFUTLWQ","A2MA4YLW1JNR4A","Approved","Sun Feb 08 11:38:53 GMT 2015","Sun Feb 08 11:39:12 GMT 2015","Sun Feb 08 08:39:12 PST 2015","Sun Feb 08 03:57:54 PST 2015","","","19","100% (78/78)","100% (78/78)","100% (78/78)","http://www.bu.edu/nisprod/dining/data/menus/labels/758082202.gif","41","25","4.5","3","9","240","2"
"3X55NP42EOYJFUEX4WBLB4EF5M8P3P","3LOAKXD6JC8RRXJS012MK6BKBVMERV","Transcribe numbers on a Nutrition Label","Write the number of grams/milligrams for each of the selected categories on the Nutrition Label.","image, write, transcription","$0.02","Sun Feb 08 10:56:02 GMT 2015","1","BatchId:1814573;","300","18000","Sun Feb 08 13:56:02 GMT 2015","","","3G2UL9A02EWWTRV9HFK375UXW8V671","A2MA4YLW1JNR4A","Approved","Sun Feb 08 11:45:52 GMT 2015","Sun Feb 08 11:46:04 GMT 2015","Sun Feb 08 08:46:04 PST 2015","Sun Feb 08 03:57:51 PST 2015","","","12","100% (78/78)","100% (78/78)","100% (78/78)","http://www.bu.edu/nisprod/dining/data/menus/labels/436347913.gif","0","0","0","0","0","0","0"
"336OE47KI22TBCDH0SVMMTEUP34WVO","3LOAKXD6JC8RRXJS012MK6BKBVMERV","Transcribe numbers on a Nutrition Label","Write the number of grams/milligrams for each of the selected categories on the Nutrition Label.","image, write, transcription","$0.02","Sun Feb 08 10:55:50 GMT 2015","1","BatchId:1814573;","300","18000","Sun Feb 08 13:55:50 GMT 2015","","","3IO1LGZLKAF0T50SRKC9L5QS7S168O","A2MA4YLW1JNR4A","Approved","Sun Feb 08 11:48:14 GMT 2015","Sun Feb 08 11:48:29 GMT 2015","Sun Feb 08 08:48:29 PST 2015","Sun Feb 08 03:57:54 PST 2015","","","15","100% (78/78)","100% (78/78)","100% (78/78)","http://www.bu.edu/nisprod/dining/data/menus/labels/752629421.gif","32","0","6","7","7","360","8"
"36BTXXLZ2VQP93DGH2KTQ460K4T4RI","3LOAKXD6JC8RRXJS012MK6BKBVMERV","Transcribe numbers on a Nutrition Label","Write the number of grams/milligrams for each of the selected categories on the Nutrition Label.","image, write, transcription","$0.02","Sun Feb 08 10:56:03 GMT 2015","1","BatchId:1814573;","300","18000","Sun Feb 08 13:56:03 GMT 2015","","","3U4J9857OFT2Z3C4D61BILGPA96B7R","A2MA4YLW1JNR4A","Approved","Sun Feb 08 11:52:31 GMT 2015","Sun Feb 08 11:52:45 GMT 2015","Sun Feb 08 08:52:45 PST 2015","Sun Feb 08 03:57:51 PST 2015","","","14","100% (78/78)","100% (78/78)","100% (78/78)","http://www.bu.edu/nisprod/dining/data/menus/labels/432279956.gif","14","0","1.5","1","2","210","1"
"3EQPA8A374EOECISUQ1AI9XIBI1ZJW","3LOAKXD6JC8RRXJS012MK6BKBVMERV","Transcribe numbers on a Nutrition Label","Write the number of grams/milligrams for each of the selected categories on the Nutrition Label.","image, write, transcription","$0.02","Sun Feb 08 10:55:50 GMT 2015","1","BatchId:1814573;","300","18000","Sun Feb 08 13:55:50 GMT 2015","","","3YOH7BII0AP53WHU1HHKN2FIJLLVKM","A2MA4YLW1JNR4A","Approved","Sun Feb 08 11:35:10 GMT 2015","Sun Feb 08 11:35:26 GMT 2015","Sun Feb 08 08:35:26 PST 2015","Sun Feb 08 03:57:48 PST 2015","","","16","100% (78/78)","100% (78/78)","100% (78/78)","http://www.bu.edu/nisprod/dining/data/menus/labels/744096793.gif","35","45","11","3","5","230","19"
"3CMV9YRYP3J49N1OFPA1AUMKW9TJLX","3LOAKXD6JC8RRXJS012MK6BKBVMERV","Transcribe numbers on a Nutrition Label","Write the number of grams/milligrams for each of the selected categories on the Nutrition Label.","image, write, transcription","$0.02","Sun Feb 08 10:55:51 GMT 2015","1","BatchId:1814573;","300","18000","Sun Feb 08 13:55:51 GMT 2015","","","3PPTZCWALR28NJKZFJQK4U4N62KQZA","A2MA4YLW1JNR4A","Approved","Sun Feb 08 11:44:34 GMT 2015","Sun Feb 08 11:44:49 GMT 2015","Sun Feb 08 08:44:49 PST 2015","Sun Feb 08 03:57:52 PST 2015","","","15","100% (78/78)","100% (78/78)","100% (78/78)","http://www.bu.edu/nisprod/dining/data/menus/labels/737853147.gif","32","20","11","1","15","670","2"
"3W0XM68YZPDMU03240SURUDJDSOK1R","3LOAKXD6JC8RRXJS012MK6BKBVMERV","Transcribe numbers on a Nutrition Label","Write the number of grams/milligrams for each of the selected categories on the Nutrition Label.","image, write, transcription","$0.02","Sun Feb 08 10:56:04 GMT 2015","1","BatchId:1814573;","300","18000","Sun Feb 08 13:56:04 GMT 2015","","","34BBWHLWHBTRCQRBRO14WOJJYQZWIN","A2MA4YLW1JNR4A","Approved","Sun Feb 08 11:51:49 GMT 2015","Sun Feb 08 11:52:02 GMT 2015","Sun Feb 08 08:52:02 PST 2015","Sun Feb 08 03:57:47 PST 2015","","","13","100% (78/78)","100% (78/78)","100% (78/78)","http://www.bu.edu/nisprod/dining/data/menus/labels/405340282.gif","11","110","5","1","29","730","1"
"3RWSQDNYL9424T5WAOGI0JP866RFFM","3LOAKXD6JC8RRXJS012MK6BKBVMERV","Transcribe numbers on a Nutrition Label","Write the number of grams/milligrams for each of the selected categories on the Nutrition Label.","image, write, transcription","$0.02","Sun Feb 08 10:56:04 GMT 2015","1","BatchId:1814573;","300","18000","Sun Feb 08 13:56:04 GMT 2015","","","3AWETUDC93AV6LWG2BLBVSD1FS3IZZ","A2MA4YLW1JNR4A","Approved","Sun Feb 08 11:43:36 GMT 2015","Sun Feb 08 11:44:00 GMT 2015","Sun Feb 08 08:44:00 PST 2015","Sun Feb 08 03:57:55 PST 2015","","","24","100% (78/78)","100% (78/78)","100% (78/78)","http://www.bu.edu/nisprod/dining/data/menus/labels/404007522.gif","28","20","24","3","10","480","3"
"3OND0WXMHWXUCBW6A3KCLMGLAKOEH0","3LOAKXD6JC8RRXJS012MK6BKBVMERV","Transcribe numbers on a Nutrition Label","Write the number of grams/milligrams for each of the selected categories on the Nutrition Label.","image, write, transcription","$0.02","Sun Feb 08 10:56:05 GMT 2015","1","BatchId:1814573;","300","18000","Sun Feb 08 13:56:05 GMT 2015","","","30BXRYBRP5FRGVGRL6JJWCI4YDKWHU","A2MA4YLW1JNR4A","Approved","Sun Feb 08 11:51:19 GMT 2015","Sun Feb 08 11:51:34 GMT 2015","Sun Feb 08 08:51:34 PST 2015","Sun Feb 08 03:57:52 PST 2015","","","15","100% (78/78)","100% (78/78)","100% (78/78)","http://www.bu.edu/nisprod/dining/data/menus/labels/396096109.gif","35","95","36","1","30","800","4"
"3PEG1BH7AE9N7YLU6XLJX6QSZ4FBK1","3LOAKXD6JC8RRXJS012MK6BKBVMERV","Transcribe numbers on a Nutrition Label","Write the number of grams/milligrams for each of the selected categories on the Nutrition Label.","image, write, transcription","$0.02","Sun Feb 08 10:56:05 GMT 2015","1","BatchId:1814573;","300","18000","Sun Feb 08 13:56:05 GMT 2015","","","3LS2AMNW5G8WOF6SDAF3OWXJMYHOQ6","A2MA4YLW1JNR4A","Approved","Sun Feb 08 11:31:49 GMT 2015","Sun Feb 08 11:32:11 GMT 2015","Sun Feb 08 08:32:11 PST 2015","Sun Feb 08 03:57:47 PST 2015","","","22","100% (78/78)","100% (78/78)","100% (78/78)","http://www.bu.edu/nisprod/dining/data/menus/labels/382929949.gif","18","0","1.5","3","2","20","1"
"3FBEFUUYRKNBP9VDYFRMSC14GRA6AW","3LOAKXD6JC8RRXJS012MK6BKBVMERV","Transcribe numbers on a Nutrition Label","Write the number of grams/milligrams for each of the selected categories on the Nutrition Label.","image, write, transcription","$0.02","Sun Feb 08 10:55:52 GMT 2015","1","BatchId:1814573;","300","18000","Sun Feb 08 13:55:52 GMT 2015","","","3KB8R4ZV1FPLSWN56955OYTI9CPGBZ","A2MA4YLW1JNR4A","Approved","Sun Feb 08 11:32:49 GMT 2015","Sun Feb 08 11:33:18 GMT 2015","Sun Feb 08 08:33:18 PST 2015","Sun Feb 08 03:57:48 PST 2015","","","29","100% (78/78)","100% (78/78)","100% (78/78)","http://www.bu.edu/nisprod/dining/data/menus/labels/708523888.gif","8","125","13","3","15","740","1"
"3R16PJFTS393MZ0LRIBWPSKMPCYK44","3LOAKXD6JC8RRXJS012MK6BKBVMERV","Transcribe numbers on a Nutrition Label","Write the number of grams/milligrams for each of the selected categories on the Nutrition Label.","image, write, transcription","$0.02","Sun Feb 08 10:56:05 GMT 2015","1","BatchId:1814573;","300","18000","Sun Feb 08 13:56:05 GMT 2015","","","3ZSY5X72NYTW0GLSQP43TM7OIKJOR7","A2MA4YLW1JNR4A","Approved","Sun Feb 08 11:34:47 GMT 2015","Sun Feb 08 11:35:09 GMT 2015","Sun Feb 08 08:35:09 PST 2015","Sun Feb 08 03:57:53 PST 2015","","","22","100% (78/78)","100% (78/78)","100% (78/78)","http://www.bu.edu/nisprod/dining/data/menus/labels/364344301.gif","42","115","20","3","31","820","4"
"37VHPF5VYCLMM2BZB8KBILNJMPMC8R","3LOAKXD6JC8RRXJS012MK6BKBVMERV","Transcribe numbers on a Nutrition Label","Write the number of grams/milligrams for each of the selected categories on the Nutrition Label.","image, write, transcription","$0.02","Sun Feb 08 10:55:53 GMT 2015","1","BatchId:1814573;","300","18000","Sun Feb 08 13:55:53 GMT 2015","","","3WQQ9FUS6BC6ZHHNNBTHWLCKLTCB8E","A21SF3IKIZB0VN","Approved","Sun Feb 08 11:53:42 GMT 2015","Sun Feb 08 11:54:55 GMT 2015","Sun Feb 08 08:54:55 PST 2015","Sun Feb 08 03:57:55 PST 2015","","","73","100% (1/1)","100% (1/1)","100% (1/1)","http://www.bu.edu/nisprod/dining/data/menus/labels/704498900.gif","19","65","6","1","5","550","1"
"3S1WOPCJFGBQ3HRWY3NXXZW0NCSEJ5","3LOAKXD6JC8RRXJS012MK6BKBVMERV","Transcribe numbers on a Nutrition Label","Write the number of grams/milligrams for each of the selected categories on the Nutrition Label.","image, write, transcription","$0.02","Sun Feb 08 10:56:06 GMT 2015","1","BatchId:1814573;","300","18000","Sun Feb 08 13:56:06 GMT 2015","","","3SPJ033422LRW66HO74STMJZMDNYJZ","A2MA4YLW1JNR4A","Approved","Sun Feb 08 11:30:18 GMT 2015","Sun Feb 08 11:30:50 GMT 2015","Sun Feb 08 08:30:50 PST 2015","Sun Feb 08 03:57:55 PST 2015","","","32","100% (78/78)","100% (78/78)","100% (78/78)","http://www.bu.edu/nisprod/dining/data/menus/labels/337882037.gif","9","60","10","2","26","390","4"
"36JW4WBR062MIPW25E4I341LML4FHK","3LOAKXD6JC8RRXJS012MK6BKBVMERV","Transcribe numbers on a Nutrition Label","Write the number of grams/milligrams for each of the selected categories on the Nutrition Label.","image, write, transcription","$0.02","Sun Feb 08 10:56:06 GMT 2015","1","BatchId:1814573;","300","18000","Sun Feb 08 13:56:06 GMT 2015","","","3BDCF01OGYCXRWUHRSG591WRQ2SYL1","A2MA4YLW1JNR4A","Approved","Sun Feb 08 11:41:58 GMT 2015","Sun Feb 08 11:42:11 GMT 2015","Sun Feb 08 08:42:11 PST 2015","Sun Feb 08 03:57:50 PST 2015","","","13","100% (78/78)","100% (78/78)","100% (78/78)","http://www.bu.edu/nisprod/dining/data/menus/labels/325032786.gif","14","15","5","0","1","45","8"
"3HY86PZXPY0J80BS8EHRTZ0ETVSE11","3LOAKXD6JC8RRXJS012MK6BKBVMERV","Transcribe numbers on a Nutrition Label","Write the number of grams/milligrams for each of the selected categories on the Nutrition Label.","image, write, transcription","$0.02","Sun Feb 08 10:55:53 GMT 2015","1","BatchId:1814573;","300","18000","Sun Feb 08 13:55:53 GMT 2015","","","34Q075JO1YVN4UUSQANDXUTTGJ910Y","A2MA4YLW1JNR4A","Approved","Sun Feb 08 11:38:25 GMT 2015","Sun Feb 08 11:38:37 GMT 2015","Sun Feb 08 08:38:37 PST 2015","Sun Feb 08 03:57:46 PST 2015","","","12","100% (78/78)","100% (78/78)","100% (78/78)","http://www.bu.edu/nisprod/dining/data/menus/labels/683960838.gif","1","65","2.5","0","23","650","1"
"3ZRKL6Z1E8LHMY6DRSMZP38ZWBKGS4","3LOAKXD6JC8RRXJS012MK6BKBVMERV","Transcribe numbers on a Nutrition Label","Write the number of grams/milligrams for each of the selected categories on the Nutrition Label.","image, write, transcription","$0.02","Sun Feb 08 10:55:53 GMT 2015","1","BatchId:1814573;","300","18000","Sun Feb 08 13:55:53 GMT 2015","","","3R5F3LQFV325277J06YGFP9NR12OZ0","A2MA4YLW1JNR4A","Approved","Sun Feb 08 11:49:53 GMT 2015","Sun Feb 08 11:50:06 GMT 2015","Sun Feb 08 08:50:06 PST 2015","Sun Feb 08 03:57:54 PST 2015","","","13","100% (78/78)","100% (78/78)","100% (78/78)","http://www.bu.edu/nisprod/dining/data/menus/labels/682138684.gif","18","25","3.5","1","7","360","1"
"3DIIW4IV8PDCG4AXRFQKCC59X8A4IE","3LOAKXD6JC8RRXJS012MK6BKBVMERV","Transcribe numbers on a Nutrition Label","Write the number of grams/milligrams for each of the selected categories on the Nutrition Label.","image, write, transcription","$0.02","Sun Feb 08 10:55:53 GMT 2015","1","BatchId:1814573;","300","18000","Sun Feb 08 13:55:53 GMT 2015","","","3Y4W8Q93L02XPQBK90VXJPKSZCPDVS","A2MA4YLW1JNR4A","Approved","Sun Feb 08 11:46:54 GMT 2015","Sun Feb 08 11:47:06 GMT 2015","Sun Feb 08 08:47:06 PST 2015","Sun Feb 08 03:57:48 PST 2015","","","12","100% (78/78)","100% (78/78)","100% (78/78)","http://www.bu.edu/nisprod/dining/data/menus/labels/671932261.gif","","10","8","","","600",""
"3N7PQ0KLI57FI3P7VIVAHSFBRF6E3T","3LOAKXD6JC8RRXJS012MK6BKBVMERV","Transcribe numbers on a Nutrition Label","Write the number of grams/milligrams for each of the selected categories on the Nutrition Label.","image, write, transcription","$0.02","Sun Feb 08 10:55:53 GMT 2015","1","BatchId:1814573;","300","18000","Sun Feb 08 13:55:53 GMT 2015","","","3D3VGR7TA1X7ERS67RKB5J9DNTN3RR","A2MA4YLW1JNR4A","Approved","Sun Feb 08 11:51:35 GMT 2015","Sun Feb 08 11:51:48 GMT 2015","Sun Feb 08 08:51:48 PST 2015","Sun Feb 08 03:57:53 PST 2015","","","13","100% (78/78)","100% (78/78)","100% (78/78)","http://www.bu.edu/nisprod/dining/data/menus/labels/670706688.gif","30","30","7","1","1","170","0"
"3SU800BH86AOE0SVJTMBYIUPNVEUQT","3LOAKXD6JC8RRXJS012MK6BKBVMERV","Transcribe numbers on a Nutrition Label","Write the number of grams/milligrams for each of the selected categories on the Nutrition Label.","image, write, transcription","$0.02","Sun Feb 08 10:56:07 GMT 2015","1","BatchId:1814573;","300","18000","Sun Feb 08 13:56:07 GMT 2015","","","3DPNQGW4LMXZA4DQFHMW4TAN56564H","A2MA4YLW1JNR4A","Approved","Sun Feb 08 11:41:18 GMT 2015","Sun Feb 08 11:41:41 GMT 2015","Sun Feb 08 08:41:41 PST 2015","Sun Feb 08 03:57:45 PST 2015","","","23","100% (78/78)","100% (78/78)","100% (78/78)","http://www.bu.edu/nisprod/dining/data/menus/labels/297021970.gif","51","0","2","3","5","45","2"
"386659BNTLZKHAWY07IC8AYAZUJ012","3LOAKXD6JC8RRXJS012MK6BKBVMERV","Transcribe numbers on a Nutrition Label","Write the number of grams/milligrams for each of the selected categories on the Nutrition Label.","image, write, transcription","$0.02","Sun Feb 08 10:56:07 GMT 2015","1","BatchId:1814573;","300","18000","Sun Feb 08 13:56:07 GMT 2015","","","3KJYX6QCMATASCBCJWH8MNF54WLVJN","ANK2T56P16TR4","Approved","Sun Feb 08 11:28:56 GMT 2015","Sun Feb 08 11:29:33 GMT 2015","Sun Feb 08 08:29:33 PST 2015","Sun Feb 08 03:57:51 PST 2015","","","37","100% (3/3)","100% (3/3)","100% (3/3)","http://www.bu.edu/nisprod/dining/data/menus/labels/295074419.gif","47","105","3.5","8","20","620","5"
"3OYHVNTV5TG7QSA3A2Q53QQR63ZKOF","3LOAKXD6JC8RRXJS012MK6BKBVMERV","Transcribe numbers on a Nutrition Label","Write the number of grams/milligrams for each of the selected categories on the Nutrition Label.","image, write, transcription","$0.02","Sun Feb 08 10:56:11 GMT 2015","1","BatchId:1814573;","300","18000","Sun Feb 08 13:56:11 GMT 2015","","","3R08VXYT7DDUN6AF8XX75ZTAKAOW7S","A2MA4YLW1JNR4A","Approved","Sun Feb 08 11:31:12 GMT 2015","Sun Feb 08 11:31:31 GMT 2015","Sun Feb 08 08:31:31 PST 2015","Sun Feb 08 03:57:52 PST 2015","","","19","100% (78/78)","100% (78/78)","100% (78/78)","http://www.bu.edu/nisprod/dining/data/menus/labels/1010959971.gif","12","0","1","2","1","230","3"
"367O8HRHKGQ1AIDTWRKYGEBW66BS4T","3LOAKXD6JC8RRXJS012MK6BKBVMERV","Transcribe numbers on a Nutrition Label","Write the number of grams/milligrams for each of the selected categories on the Nutrition Label.","image, write, transcription","$0.02","Sun Feb 08 10:56:07 GMT 2015","1","BatchId:1814573;","300","18000","Sun Feb 08 13:56:07 GMT 2015","","","3D3VGR7TA1X7ERS67RKB5J9DNTNR3F","A2MA4YLW1JNR4A","Approved","Sun Feb 08 11:50:51 GMT 2015","Sun Feb 08 11:51:02 GMT 2015","Sun Feb 08 08:51:02 PST 2015","Sun Feb 08 03:57:51 PST 2015","","","11","100% (78/78)","100% (78/78)","100% (78/78)","http://www.bu.edu/nisprod/dining/data/menus/labels/284162764.gif","10","80","23","0","33","440","1"
"3MIVREZQVHGAB4NJPFI9SVLRL4HKQN","3LOAKXD6JC8RRXJS012MK6BKBVMERV","Transcribe numbers on a Nutrition Label","Write the number of grams/milligrams for each of the selected categories on the Nutrition Label.","image, write, transcription","$0.02","Sun Feb 08 10:56:11 GMT 2015","1","BatchId:1814573;","300","18000","Sun Feb 08 13:56:11 GMT 2015","","","3NKQQ8O39ZNXCBMK4ALSN3I9L5GDU3","A2MA4YLW1JNR4A","Approved","Sun Feb 08 11:45:37 GMT 2015","Sun Feb 08 11:45:52 GMT 2015","Sun Feb 08 08:45:52 PST 2015","Sun Feb 08 03:57:54 PST 2015","","","15","100% (78/78)","100% (78/78)","100% (78/78)","http://www.bu.edu/nisprod/dining/data/menus/labels/1009474575.gif","6","0","6","0","20","280","2"
"3VJ4PFXFJ3PWRKLEUXPP8IFKJDSUAM","3LOAKXD6JC8RRXJS012MK6BKBVMERV","Transcribe numbers on a Nutrition Label","Write the number of grams/milligrams for each of the selected categories on the Nutrition Label.","image, write, transcription","$0.02","Sun Feb 08 10:55:54 GMT 2015","1","BatchId:1814573;","300","18000","Sun Feb 08 13:55:54 GMT 2015","","","337RC3OW06KGN2ZCMHTL22SX8LQVLP","A2MA4YLW1JNR4A","Approved","Sun Feb 08 11:41:41 GMT 2015","Sun Feb 08 11:41:57 GMT 2015","Sun Feb 08 08:41:57 PST 2015","Sun Feb 08 03:57:51 PST 2015","","","16","100% (78/78)","100% (78/78)","100% (78/78)","http://www.bu.edu/nisprod/dining/data/menus/labels/638276876.gif","20","0","0","13","8","20","0"
"3CZH926SICW00Z8BVW0TRX7H5F2E4E","3LOAKXD6JC8RRXJS012MK6BKBVMERV","Transcribe numbers on a Nutrition Label","Write the number of grams/milligrams for each of the selected categories on the Nutrition Label.","image, write, transcription","$0.02","Sun Feb 08 10:55:54 GMT 2015","1","BatchId:1814573;","300","18000","Sun Feb 08 13:55:54 GMT 2015","","","3SNLUL3WO55GANACHRJG6GQEUEILUR","A2MA4YLW1JNR4A","Approved","Sun Feb 08 11:36:02 GMT 2015","Sun Feb 08 11:36:20 GMT 2015","Sun Feb 08 08:36:20 PST 2015","Sun Feb 08 03:57:53 PST 2015","","","18","100% (78/78)","100% (78/78)","100% (78/78)","http://www.bu.edu/nisprod/dining/data/menus/labels/637733925.gif","3","95","7","1","22","100","1"
"34O39PNDK6Q9U2YPWHUGYIC6UW9BRU","3LOAKXD6JC8RRXJS012MK6BKBVMERV","Transcribe numbers on a Nutrition Label","Write the number of grams/milligrams for each of the selected categories on the Nutrition Label.","image, write, transcription","$0.02","Sun Feb 08 10:56:11 GMT 2015","1","BatchId:1814573;","300","18000","Sun Feb 08 13:56:11 GMT 2015","","","3MTMREQS4W0C688DF09RFQV0LIUWAJ","A2MA4YLW1JNR4A","Approved","Sun Feb 08 11:33:19 GMT 2015","Sun Feb 08 11:33:38 GMT 2015","Sun Feb 08 08:33:38 PST 2015","Sun Feb 08 03:57:53 PST 2015","","","19","100% (78/78)","100% (78/78)","100% (78/78)","http://www.bu.edu/nisprod/dining/data/menus/labels/1007221517.gif","20","5","6","1","2","270","5"
"3R16PJFTS393MZ0LRIBWPSKMPCZ4KP","3LOAKXD6JC8RRXJS012MK6BKBVMERV","Transcribe numbers on a Nutrition Label","Write the number of grams/milligrams for each of the selected categories on the Nutrition Label.","image, write, transcription","$0.02","Sun Feb 08 10:55:55 GMT 2015","1","BatchId:1814573;","300","18000","Sun Feb 08 13:55:55 GMT 2015","","","3WRFBPLXRB6MZT0EEK3UWZ43MWY3N3","A2MA4YLW1JNR4A","Approved","Sun Feb 08 11:41:04 GMT 2015","Sun Feb 08 11:41:17 GMT 2015","Sun Feb 08 08:41:17 PST 2015","Sun Feb 08 03:57:50 PST 2015","","","13","100% (78/78)","100% (78/78)","100% (78/78)","http://www.bu.edu/nisprod/dining/data/menus/labels/630469819.gif","1","0","0","0","0","75","0"
"3SMIWMMK61NTYXOHV2LHQ7CBBWVUWX","3LOAKXD6JC8RRXJS012MK6BKBVMERV","Transcribe numbers on a Nutrition Label","Write the number of grams/milligrams for each of the selected categories on the Nutrition Label.","image, write, transcription","$0.02","Sun Feb 08 10:56:12 GMT 2015","1","BatchId:1814573;","300","18000","Sun Feb 08 13:56:12 GMT 2015","","","337RC3OW06KGN2ZCMHTL22SX8LRLVG","A2MA4YLW1JNR4A","Approved","Sun Feb 08 11:37:33 GMT 2015","Sun Feb 08 11:37:48 GMT 2015","Sun Feb 08 08:37:48 PST 2015","Sun Feb 08 03:57:54 PST 2015","","","15","100% (78/78)","100% (78/78)","100% (78/78)","http://www.bu.edu/nisprod/dining/data/menus/labels/1005551460.gif","28","10","2.5","0","4","280","23"
"3SCKNODZ0XY1DS37QT1JKWL0A9UN7X","3LOAKXD6JC8RRXJS012MK6BKBVMERV","Transcribe numbers on a Nutrition Label","Write the number of grams/milligrams for each of the selected categories on the Nutrition Label.","image, write, transcription","$0.02","Sun Feb 08 10:56:12 GMT 2015","1","BatchId:1814573;","300","18000","Sun Feb 08 13:56:12 GMT 2015","","","3R2UR8A0IBYGXC74ZOAVI4TCJ14OX3","A2MA4YLW1JNR4A","Approved","Sun Feb 08 11:47:26 GMT 2015","Sun Feb 08 11:47:40 GMT 2015","Sun Feb 08 08:47:40 PST 2015","Sun Feb 08 03:57:54 PST 2015","","","14","100% (78/78)","100% (78/78)","100% (78/78)","http://www.bu.edu/nisprod/dining/data/menus/labels/1002038611.gif","4","45","15","0","19","370","1"
"3Z33IC0JC04IZG097HLU896JR2K9VC","3LOAKXD6JC8RRXJS012MK6BKBVMERV","Transcribe numbers on a Nutrition Label","Write the number of grams/milligrams for each of the selected categories on the Nutrition Label.","image, write, transcription","$0.02","Sun Feb 08 10:55:55 GMT 2015","1","BatchId:1814573;","300","18000","Sun Feb 08 13:55:55 GMT 2015","","","35H6S234SBIH6NHQTM569LG152065M","A2MA4YLW1JNR4A","Approved","Sun Feb 08 11:42:11 GMT 2015","Sun Feb 08 11:42:34 GMT 2015","Sun Feb 08 08:42:34 PST 2015","Sun Feb 08 03:57:46 PST 2015","","","23","100% (78/78)","100% (78/78)","100% (78/78)","http://www.bu.edu/nisprod/dining/data/menus/labels/619818391.gif","109","5","18","2","21","1300","16"
"34R0BODSP1HIWICB91J3WPDV5BXE5J","3LOAKXD6JC8RRXJS012MK6BKBVMERV","Transcribe numbers on a Nutrition Label","Write the number of grams/milligrams for each of the selected categories on the Nutrition Label.","image, write, transcription","$0.02","Sun Feb 08 10:55:55 GMT 2015","1","BatchId:1814573;","300","18000","Sun Feb 08 13:55:55 GMT 2015","","","3WMOAN2SRCF6B22XYU90FUWMDGQVNR","A2MA4YLW1JNR4A","Approved","Sun Feb 08 11:48:45 GMT 2015","Sun Feb 08 11:48:59 GMT 2015","Sun Feb 08 08:48:59 PST 2015","Sun Feb 08 03:57:52 PST 2015","","","14","100% (78/78)","100% (78/78)","100% (78/78)","http://www.bu.edu/nisprod/dining/data/menus/labels/618574197.gif","1","95","6","1","22","610","0"
"3AXFSPQOYQGI9VRSTE73FHH0ZD8FJP","3LOAKXD6JC8RRXJS012MK6BKBVMERV","Transcribe numbers on a Nutrition Label","Write the number of grams/milligrams for each of the selected categories on the Nutrition Label.","image, write, transcription","$0.02","Sun Feb 08 10:56:09 GMT 2015","1","BatchId:1814573;","300","18000","Sun Feb 08 13:56:09 GMT 2015","","","3R0T90IZ1TU421FBK910ZIZ0RXPGC6","A2MA4YLW1JNR4A","Approved","Sun Feb 08 11:33:39 GMT 2015","Sun Feb 08 11:33:54 GMT 2015","Sun Feb 08 08:33:54 PST 2015","Sun Feb 08 03:57:50 PST 2015","","","15","100% (78/78)","100% (78/78)","100% (78/78)","http://www.bu.edu/nisprod/dining/data/menus/labels/252268095.gif","25","20","1","4","5","20","0"
"3WA2XVDZEMZEFMCPEKT8OVRV168E6Z","3LOAKXD6JC8RRXJS012MK6BKBVMERV","Transcribe numbers on a Nutrition Label","Write the number of grams/milligrams for each of the selected categories on the Nutrition Label.","image, write, transcription","$0.02","Sun Feb 08 10:55:55 GMT 2015","1","BatchId:1814573;","300","18000","Sun Feb 08 13:55:55 GMT 2015","","","3OVHNO1VE7JEYAGUAXK04VXONNVDZS","A2MA4YLW1JNR4A","Approved","Sun Feb 08 11:51:03 GMT 2015","Sun Feb 08 11:51:19 GMT 2015","Sun Feb 08 08:51:19 PST 2015","Sun Feb 08 03:57:47 PST 2015","","","16","100% (78/78)","100% (78/78)","100% (78/78)","http://www.bu.edu/nisprod/dining/data/menus/labels/615184258.gif","0","0","0","0","0","0","0"
"3FSEU3P2NRIWA9FESEG6YXHACICRRN","3LOAKXD6JC8RRXJS012MK6BKBVMERV","Transcribe numbers on a Nutrition Label","Write the number of grams/milligrams for each of the selected categories on the Nutrition Label.","image, write, transcription","$0.02","Sun Feb 08 10:55:55 GMT 2015","1","BatchId:1814573;","300","18000","Sun Feb 08 13:55:55 GMT 2015","","","3R8YZBNQ9I0P39ETWOY1DABOW96Q7H","A2MA4YLW1JNR4A","Approved","Sun Feb 08 11:49:41 GMT 2015","Sun Feb 08 11:49:52 GMT 2015","Sun Feb 08 08:49:52 PST 2015","Sun Feb 08 03:57:46 PST 2015","","","11","100% (78/78)","100% (78/78)","100% (78/78)","http://www.bu.edu/nisprod/dining/data/menus/labels/604200976.gif","45","0","6","8","15","390","9"
"3538U0YQ1FC7OHP3QTFGZA0B3GMF3D","3LOAKXD6JC8RRXJS012MK6BKBVMERV","Transcribe numbers on a Nutrition Label","Write the number of grams/milligrams for each of the selected categories on the Nutrition Label.","image, write, transcription","$0.02","Sun Feb 08 10:55:56 GMT 2015","1","BatchId:1814573;","300","18000","Sun Feb 08 13:55:56 GMT 2015","","","3OXV7EAXLF8ES8UMF3HDUOIHR6963W","A2MA4YLW1JNR4A","Approved","Sun Feb 08 11:32:12 GMT 2015","Sun Feb 08 11:32:28 GMT 2015","Sun Feb 08 08:32:28 PST 2015","Sun Feb 08 03:57:52 PST 2015","","","16","100% (78/78)","100% (78/78)","100% (78/78)","http://www.bu.edu/nisprod/dining/data/menus/labels/596493265.gif","1","10","4.5","0","3","90","0"
"3YD0MU1NC2JUT99IHPWEYQ10B2V7AX","3LOAKXD6JC8RRXJS012MK6BKBVMERV","Transcribe numbers on a Nutrition Label","Write the number of grams/milligrams for each of the selected categories on the Nutrition Label.","image, write, transcription","$0.02","Sun Feb 08 10:55:56 GMT 2015","1","BatchId:1814573;","300","18000","Sun Feb 08 13:55:56 GMT 2015","","","3FE7TXL1LJ5IH8HNQCH6HJUGLTKQ21","A2MA4YLW1JNR4A","Approved","Sun Feb 08 11:30:51 GMT 2015","Sun Feb 08 11:31:12 GMT 2015","Sun Feb 08 08:31:12 PST 2015","Sun Feb 08 03:57:46 PST 2015","","","21","100% (78/78)","100% (78/78)","100% (78/78)","http://www.bu.edu/nisprod/dining/data/menus/labels/595849727.gif","9","0","3","1","3","1870","1"
"3MDWE879UHK3Q22320UU7XCCOA3B97","3LOAKXD6JC8RRXJS012MK6BKBVMERV","Transcribe numbers on a Nutrition Label","Write the number of grams/milligrams for each of the selected categories on the Nutrition Label.","image, write, transcription","$0.02","Sun Feb 08 10:55:56 GMT 2015","1","BatchId:1814573;","300","18000","Sun Feb 08 13:55:56 GMT 2015","","","3FIUS151DWKHJDVGMVXJP9KFPPHGGG","A2MA4YLW1JNR4A","Approved","Sun Feb 08 11:40:19 GMT 2015","Sun Feb 08 11:40:33 GMT 2015","Sun Feb 08 08:40:33 PST 2015","Sun Feb 08 03:57:49 PST 2015","","","14","100% (78/78)","100% (78/78)","100% (78/78)","http://www.bu.edu/nisprod/dining/data/menus/labels/593596375.gif","1","5","2","0","0","70","0"
"3M93N4X8HK5RD0WEZY72MG0FO31JSB","3LOAKXD6JC8RRXJS012MK6BKBVMERV","Transcribe numbers on a Nutrition Label","Write the number of grams/milligrams for each of the selected categories on the Nutrition Label.","image, write, transcription","$0.02","Sun Feb 08 10:55:56 GMT 2015","1","BatchId:1814573;","300","18000","Sun Feb 08 13:55:56 GMT 2015","","","3S96KQ6I9NMICY7V45VII7W72R9DTC","A2MA4YLW1JNR4A","Approved","Sun Feb 08 11:43:18 GMT 2015","Sun Feb 08 11:43:36 GMT 2015","Sun Feb 08 08:43:36 PST 2015","Sun Feb 08 03:57:48 PST 2015","","","18","100% (78/78)","100% (78/78)","100% (78/78)","http://www.bu.edu/nisprod/dining/data/menus/labels/581147691.gif","56","105","23","9","34","1210","9"
"3G57RS03HHNQ120VGHO2UO46888529","3LOAKXD6JC8RRXJS012MK6BKBVMERV","Transcribe numbers on a Nutrition Label","Write the number of grams/milligrams for each of the selected categories on the Nutrition Label.","image, write, transcription","$0.02","Sun Feb 08 10:56:10 GMT 2015","1","BatchId:1814573;","300","18000","Sun Feb 08 13:56:10 GMT 2015","","","3H7XDTSHKD9DGZLG1011BC63JD7WGV","A2MA4YLW1JNR4A","Approved","Sun Feb 08 11:46:05 GMT 2015","Sun Feb 08 11:46:22 GMT 2015","Sun Feb 08 08:46:22 PST 2015","Sun Feb 08 03:57:50 PST 2015","","","17","100% (78/78)","100% (78/78)","100% (78/78)","http://www.bu.edu/nisprod/dining/data/menus/labels/226644579.gif","30","110","17","1","12","690","1"
"3N3WJQXELS843R3G8449BD03UY82LU","3LOAKXD6JC8RRXJS012MK6BKBVMERV","Transcribe numbers on a Nutrition Label","Write the number of grams/milligrams for each of the selected categories on the Nutrition Label.","image, write, transcription","$0.02","Sun Feb 08 10:56:10 GMT 2015","1","BatchId:1814573;","300","18000","Sun Feb 08 13:56:10 GMT 2015","","","3WQQ9FUS6BC6ZHHNNBTHWLCKLTC8BB","A2MA4YLW1JNR4A","Approved","Sun Feb 08 11:40:34 GMT 2015","Sun Feb 08 11:40:48 GMT 2015","Sun Feb 08 08:40:48 PST 2015","Sun Feb 08 03:57:52 PST 2015","","","14","100% (78/78)","100% (78/78)","100% (78/78)","http://www.bu.edu/nisprod/dining/data/menus/labels/224901925.gif","15","110","17","2","25","830","3"
"3M0556243S2ESLID8CZV8OYH8XDFNT","3LOAKXD6JC8RRXJS012MK6BKBVMERV","Transcribe numbers on a Nutrition Label","Write the number of grams/milligrams for each of the selected categories on the Nutrition Label.","image, write, transcription","$0.02","Sun Feb 08 10:56:11 GMT 2015","1","BatchId:1814573;","300","18000","Sun Feb 08 13:56:11 GMT 2015","","","31JLPPHS2VC4HE0QFZ37BO48C633OI","A2MA4YLW1JNR4A","Approved","Sun Feb 08 11:44:01 GMT 2015","Sun Feb 08 11:44:34 GMT 2015","Sun Feb 08 08:44:34 PST 2015","Sun Feb 08 03:57:50 PST 2015","","","33","100% (78/78)","100% (78/78)","100% (78/78)","http://www.bu.edu/nisprod/dining/data/menus/labels/221791397.gif","12","175","8","1","16","1420","1"
"3FO95NVK5CI8BOFR73GBO7M6YKVRSB","3LOAKXD6JC8RRXJS012MK6BKBVMERV","Transcribe numbers on a Nutrition Label","Write the number of grams/milligrams for each of the selected categories on the Nutrition Label.","image, write, transcription","$0.02","Sun Feb 08 10:55:57 GMT 2015","1","BatchId:1814573;","300","18000","Sun Feb 08 13:55:57 GMT 2015","","","33FBRBDW6PHP9M9T1BPC75I23EC8CI","A2MA4YLW1JNR4A","Approved","Sun Feb 08 11:46:38 GMT 2015","Sun Feb 08 11:46:53 GMT 2015","Sun Feb 08 08:46:53 PST 2015","Sun Feb 08 03:57:46 PST 2015","","","15","100% (78/78)","100% (78/78)","100% (78/78)","http://www.bu.edu/nisprod/dining/data/menus/labels/568159717.gif","28","25","19","1","10","740","3"
"3E9ZFLPWOYA3E6Y7BQSP9N27Q3EXIL","3LOAKXD6JC8RRXJS012MK6BKBVMERV","Transcribe numbers on a Nutrition Label","Write the number of grams/milligrams for each of the selected categories on the Nutrition Label.","image, write, transcription","$0.02","Sun Feb 08 10:56:11 GMT 2015","1","BatchId:1814573;","300","18000","Sun Feb 08 13:56:11 GMT 2015","","","3TMFV4NEP9WYNKFYI2PDJZP5VUUW8F","A2MA4YLW1JNR4A","Approved","Sun Feb 08 11:31:31 GMT 2015","Sun Feb 08 11:31:49 GMT 2015","Sun Feb 08 08:31:49 PST 2015","Sun Feb 08 03:57:54 PST 2015","","","18","100% (78/78)","100% (78/78)","100% (78/78)","http://www.bu.edu/nisprod/dining/data/menus/labels/210376731.gif","2","0","6","1","0","50","1"
"3TD33TP5DLKHVLC8U68U3SNWUSLBAM","3LOAKXD6JC8RRXJS012MK6BKBVMERV","Transcribe numbers on a Nutrition Label","Write the number of grams/milligrams for each of the selected categories on the Nutrition Label.","image, write, transcription","$0.02","Sun Feb 08 10:55:57 GMT 2015","1","BatchId:1814573;","300","18000","Sun Feb 08 13:55:57 GMT 2015","","","3WEV0KO0ONAHXYUGF5QS820L08VDSN","A2MA4YLW1JNR4A","Approved","Sun Feb 08 11:39:51 GMT 2015","Sun Feb 08 11:40:02 GMT 2015","Sun Feb 08 08:40:02 PST 2015","Sun Feb 08 03:57:46 PST 2015","","","11","100% (78/78)","100% (78/78)","100% (78/78)","http://www.bu.edu/nisprod/dining/data/menus/labels/564074861.gif","","85","13","","","",""
"39TX062QX16OO3GOQNL25H0I7LHX3L","3LOAKXD6JC8RRXJS012MK6BKBVMERV","Transcribe numbers on a Nutrition Label","Write the number of grams/milligrams for each of the selected categories on the Nutrition Label.","image, write, transcription","$0.02","Sun Feb 08 10:55:57 GMT 2015","1","BatchId:1814573;","300","18000","Sun Feb 08 13:55:57 GMT 2015","","","3IGI0VL6482BLIT0XINMK22EHNTNOH","A2MA4YLW1JNR4A","Approved","Sun Feb 08 11:50:35 GMT 2015","Sun Feb 08 11:50:50 GMT 2015","Sun Feb 08 08:50:50 PST 2015","Sun Feb 08 03:57:49 PST 2015","","","15","100% (78/78)","100% (78/78)","100% (78/78)","http://www.bu.edu/nisprod/dining/data/menus/labels/559500097.gif","18","0","6","2","2","105","4"
"36KM3FWE3RUYSWB0PNZL9KPN2GJ07Z","3LOAKXD6JC8RRXJS012MK6BKBVMERV","Transcribe numbers on a Nutrition Label","Write the number of grams/milligrams for each of the selected categories on the Nutrition Label.","image, write, transcription","$0.02","Sun Feb 08 10:56:12 GMT 2015","1","BatchId:1814573;","300","18000","Sun Feb 08 13:56:12 GMT 2015","","","3JJVG1YBECFNCZYLPDMEK12TJ3BB5C","A2MA4YLW1JNR4A","Approved","Sun Feb 08 11:52:03 GMT 2015","Sun Feb 08 11:52:13 GMT 2015","Sun Feb 08 08:52:13 PST 2015","Sun Feb 08 03:57:53 PST 2015","","","10","100% (78/78)","100% (78/78)","100% (78/78)","http://www.bu.edu/nisprod/dining/data/menus/labels/198507162.gif","22","75","19","0","24","280","4"
"36FFXPMST96GO29V4HN8QYAZEMVHO8","3LOAKXD6JC8RRXJS012MK6BKBVMERV","Transcribe numbers on a Nutrition Label","Write the number of grams/milligrams for each of the selected categories on the Nutrition Label.","image, write, transcription","$0.02","Sun Feb 08 10:55:58 GMT 2015","1","BatchId:1814573;","300","18000","Sun Feb 08 13:55:58 GMT 2015","","","3IAS3U3I0GYVD2FY7UKGMUZHZTKB2B","A2MA4YLW1JNR4A","Approved","Sun Feb 08 11:47:41 GMT 2015","Sun Feb 08 11:47:53 GMT 2015","Sun Feb 08 08:47:53 PST 2015","Sun Feb 08 03:57:53 PST 2015","","","12","100% (78/78)","100% (78/78)","100% (78/78)","http://www.bu.edu/nisprod/dining/data/menus/labels/534996106.gif","37","45","11","3","5","230","21"
"3ZXV7Q5FJB6V1HLMJMQHSD459TZCF8","3LOAKXD6JC8RRXJS012MK6BKBVMERV","Transcribe numbers on a Nutrition Label","Write the number of grams/milligrams for each of the selected categories on the Nutrition Label.","image, write, transcription","$0.02","Sun Feb 08 10:55:58 GMT 2015","1","BatchId:1814573;","300","18000","Sun Feb 08 13:55:58 GMT 2015","","","3I0BTBYZAY3KU05V2ZUMBH43N4I0YV","A2MA4YLW1JNR4A","Approved","Sun Feb 08 11:35:46 GMT 2015","Sun Feb 08 11:36:01 GMT 2015","Sun Feb 08 08:36:01 PST 2015","Sun Feb 08 03:57:53 PST 2015","","","15","100% (78/78)","100% (78/78)","100% (78/78)","http://www.bu.edu/nisprod/dining/data/menus/labels/532467816.gif","8","0","1.5","2","1","300","4"
"3XBXDSS88815476DWTP213UZ778XLZ","3LOAKXD6JC8RRXJS012MK6BKBVMERV","Transcribe numbers on a Nutrition Label","Write the number of grams/milligrams for each of the selected categories on the Nutrition Label.","image, write, transcription","$0.02","Sun Feb 08 10:56:13 GMT 2015","1","BatchId:1814573;","300","18000","Sun Feb 08 13:56:13 GMT 2015","","","3EA3QWIZ4JDZK9NHWJWT94CKUWHTIU","A2MA4YLW1JNR4A","Approved","Sun Feb 08 11:37:49 GMT 2015","Sun Feb 08 11:38:07 GMT 2015","Sun Feb 08 08:38:07 PST 2015","Sun Feb 08 03:57:47 PST 2015","","","18","100% (78/78)","100% (78/78)","100% (78/78)","http://www.bu.edu/nisprod/dining/data/menus/labels/187843373.gif","82","50","35","2","4","440","58"
"3SSN80MU8C6UK1OVBTD1M3HKI73XKW","3LOAKXD6JC8RRXJS012MK6BKBVMERV","Transcribe numbers on a Nutrition Label","Write the number of grams/milligrams for each of the selected categories on the Nutrition Label.","image, write, transcription","$0.02","Sun Feb 08 10:56:12 GMT 2015","1","BatchId:1814573;","300","18000","Sun Feb 08 13:56:12 GMT 2015","","","31QNSG6A5SBJX5EXAUH1RJQO23L87P","ANK2T56P16TR4","Approved","Sun Feb 08 11:29:50 GMT 2015","Sun Feb 08 11:30:23 GMT 2015","Sun Feb 08 08:30:23 PST 2015","Sun Feb 08 03:57:50 PST 2015","","","33","100% (3/3)","100% (3/3)","100% (3/3)","http://www.bu.edu/nisprod/dining/data/menus/labels/997747757.gif","99","0","5","4","14","520","5"
"3YKP7CX6G2XZCJEAN3WAT1L6TKG7BS","3LOAKXD6JC8RRXJS012MK6BKBVMERV","Transcribe numbers on a Nutrition Label","Write the number of grams/milligrams for each of the selected categories on the Nutrition Label.","image, write, transcription","$0.02","Sun Feb 08 10:55:58 GMT 2015","1","BatchId:1814573;","300","18000","Sun Feb 08 13:55:58 GMT 2015","","","3ZY8KE4ISKLREZFPEM1HJORRIRDVQE","A2MA4YLW1JNR4A","Approved","Sun Feb 08 11:52:14 GMT 2015","Sun Feb 08 11:52:30 GMT 2015","Sun Feb 08 08:52:30 PST 2015","Sun Feb 08 03:57:52 PST 2015","","","16","100% (78/78)","100% (78/78)","100% (78/78)","http://www.bu.edu/nisprod/dining/data/menus/labels/520750015.gif","42","0","4.5","2","4","180","16"
"3OB6JN3A9Q75DT2MN6KPCYN06VDMRU","3LOAKXD6JC8RRXJS012MK6BKBVMERV","Transcribe numbers on a Nutrition Label","Write the number of grams/milligrams for each of the selected categories on the Nutrition Label.","image, write, transcription","$0.02","Sun Feb 08 10:56:12 GMT 2015","1","BatchId:1814573;","300","18000","Sun Feb 08 13:56:12 GMT 2015","","","37UEWGM5HUQB4OERKN6SHQUGP99R1N","A2MA4YLW1JNR4A","Approved","Sun Feb 08 11:48:59 GMT 2015","Sun Feb 08 11:49:13 GMT 2015","Sun Feb 08 08:49:13 PST 2015","Sun Feb 08 03:57:52 PST 2015","","","14","100% (78/78)","100% (78/78)","100% (78/78)","http://www.bu.edu/nisprod/dining/data/menus/labels/995455594.gif","10","0","1.5","2","2","320","2"
"39XCQ6V3KYMEJ3JW3J05K1LIODA56Q","3LOAKXD6JC8RRXJS012MK6BKBVMERV","Transcribe numbers on a Nutrition Label","Write the number of grams/milligrams for each of the selected categories on the Nutrition Label.","image, write, transcription","$0.02","Sun Feb 08 10:56:14 GMT 2015","1","BatchId:1814573;","300","18000","Sun Feb 08 13:56:14 GMT 2015","","","3VJ40NV2QJ59GVYKUE9YT18665GOTK","A2MA4YLW1JNR4A","Approved","Sun Feb 08 11:45:06 GMT 2015","Sun Feb 08 11:45:18 GMT 2015","Sun Feb 08 08:45:18 PST 2015","Sun Feb 08 03:57:52 PST 2015","","","12","100% (78/78)","100% (78/78)","100% (78/78)","http://www.bu.edu/nisprod/dining/data/menus/labels/162037339.gif","40","0","0","0","0","120","0"
"391FPZIE4C4B17TS03ZHP42OW8IUHX","3LOAKXD6JC8RRXJS012MK6BKBVMERV","Transcribe numbers on a Nutrition Label","Write the number of grams/milligrams for each of the selected categories on the Nutrition Label.","image, write, transcription","$0.02","Sun Feb 08 10:55:59 GMT 2015","1","BatchId:1814573;","300","18000","Sun Feb 08 13:55:59 GMT 2015","","","3IAEQB9FMF2A4FBPZA0T5R366LRDW2","A2MA4YLW1JNR4A","Approved","Sun Feb 08 11:47:54 GMT 2015","Sun Feb 08 11:48:14 GMT 2015","Sun Feb 08 08:48:14 PST 2015","Sun Feb 08 03:57:53 PST 2015","","","20","100% (78/78)","100% (78/78)","100% (78/78)","http://www.bu.edu/nisprod/dining/data/menus/labels/499578728.gif","47","45","12","14","30","830","8"
"3BJKPTD2QCU9QOS6W3L1YCIS039RT0","3LOAKXD6JC8RRXJS012MK6BKBVMERV","Transcribe numbers on a Nutrition Label","Write the number of grams/milligrams for each of the selected categories on the Nutrition Label.","image, write, transcription","$0.02","Sun Feb 08 10:55:59 GMT 2015","1","BatchId:1814573;","300","18000","Sun Feb 08 13:55:59 GMT 2015","","","3TVRFO09GLX8RR47MWU3QNPIOWZLXJ","A2MA4YLW1JNR4A","Approved","Sun Feb 08 11:48:29 GMT 2015","Sun Feb 08 11:48:44 GMT 2015","Sun Feb 08 08:48:44 PST 2015","Sun Feb 08 03:57:51 PST 2015","","","15","100% (78/78)","100% (78/78)","100% (78/78)","http://www.bu.edu/nisprod/dining/data/menus/labels/499012626.gif","8","15","3.5","0","1","20","0"
"3YLPJ8OXX8V96ZZSQ1QLFMSOLLDX46","3LOAKXD6JC8RRXJS012MK6BKBVMERV","Transcribe numbers on a Nutrition Label","Write the number of grams/milligrams for each of the selected categories on the Nutrition Label.","image, write, transcription","$0.02","Sun Feb 08 10:55:59 GMT 2015","1","BatchId:1814573;","300","18000","Sun Feb 08 13:55:59 GMT 2015","","","3X4JMASXCNROHSCKS7G236622V0B0R","A2MA4YLW1JNR4A","Approved","Sun Feb 08 11:40:02 GMT 2015","Sun Feb 08 11:40:18 GMT 2015","Sun Feb 08 08:40:18 PST 2015","Sun Feb 08 03:57:53 PST 2015","","","16","100% (78/78)","100% (78/78)","100% (78/78)","http://www.bu.edu/nisprod/dining/data/menus/labels/492653791.gif","27","15","3.5","0","4","270","22"
"3QQUBC64ZEWVS79Y865HEVYOC28XN1","3LOAKXD6JC8RRXJS012MK6BKBVMERV","Transcribe numbers on a Nutrition Label","Write the number of grams/milligrams for each of the selected categories on the Nutrition Label.","image, write, transcription","$0.02","Sun Feb 08 10:56:15 GMT 2015","1","BatchId:1814573;","300","18000","Sun Feb 08 13:56:15 GMT 2015","","","3J4Q2Z4UTZL4TOFU4W6D5QA5P0GQWK","A2MA4YLW1JNR4A","Approved","Sun Feb 08 11:36:40 GMT 2015","Sun Feb 08 11:37:32 GMT 2015","Sun Feb 08 08:37:32 PST 2015","Sun Feb 08 03:57:54 PST 2015","","","52","100% (78/78)","100% (78/78)","100% (78/78)","http://www.bu.edu/nisprod/dining/data/menus/labels/148449689.gif","29","0","18","3","6","910","8"
"3N5YJ55YXGLJWU15XWD3UNNQBH0NAO","3LOAKXD6JC8RRXJS012MK6BKBVMERV","Transcribe numbers on a Nutrition Label","Write the number of grams/milligrams for each of the selected categories on the Nutrition Label.","image, write, transcription","$0.02","Sun Feb 08 10:56:13 GMT 2015","1","BatchId:1814573;","300","18000","Sun Feb 08 13:56:13 GMT 2015","","","374TNBHA8CD8ITAUJXO1QNVL08GQYJ","A2MA4YLW1JNR4A","Approved","Sun Feb 08 11:39:13 GMT 2015","Sun Feb 08 11:39:31 GMT 2015","Sun Feb 08 08:39:31 PST 2015","Sun Feb 08 03:57:51 PST 2015","","","18","100% (78/78)","100% (78/78)","100% (78/78)","http://www.bu.edu/nisprod/dining/data/menus/labels/981107237.gif","33","45","6","0","15","270","0"
"3FVBZG9CLJWVLLHC2WLX0XEHGJEH0H","3LOAKXD6JC8RRXJS012MK6BKBVMERV","Transcribe numbers on a Nutrition Label","Write the number of grams/milligrams for each of the selected categories on the Nutrition Label.","image, write, transcription","$0.02","Sun Feb 08 10:56:01 GMT 2015","1","BatchId:1814573;","300","18000","Sun Feb 08 13:56:01 GMT 2015","","","3MTMREQS4W0C688DF09RFQV0LIUAWX","A2MA4YLW1JNR4A","Approved","Sun Feb 08 11:36:21 GMT 2015","Sun Feb 08 11:36:39 GMT 2015","Sun Feb 08 08:36:39 PST 2015","Sun Feb 08 03:57:49 PST 2015","","","18","100% (78/78)","100% (78/78)","100% (78/78)","http://www.bu.edu/nisprod/dining/data/menus/labels/62643502.gif","18","5","5","0","1","110","0"
"3OREP8RUT2TI5CPBG604ZEYZSNYBGY","3LOAKXD6JC8RRXJS012MK6BKBVMERV","Transcribe numbers on a Nutrition Label","Write the number of grams/milligrams for each of the selected categories on the Nutrition Label.","image, write, transcription","$0.02","Sun Feb 08 10:56:02 GMT 2015","1","BatchId:1814573;","300","18000","Sun Feb 08 13:56:02 GMT 2015","","","32N49TQG3H0ZRJ88PQ4VTOCME9SAVN","A2MA4YLW1JNR4A","Approved","Sun Feb 08 11:32:28 GMT 2015","Sun Feb 08 11:32:48 GMT 2015","Sun Feb 08 08:32:48 PST 2015","Sun Feb 08 03:57:52 PST 2015","","","20","100% (78/78)","100% (78/78)","100% (78/78)","http://www.bu.edu/nisprod/dining/data/menus/labels/49545827.gif","27","0","2","2","2","270","6"
"366FYU4PTG7LE1XEGON9YEWD21TKEB","3LOAKXD6JC8RRXJS012MK6BKBVMERV","Transcribe numbers on a Nutrition Label","Write the number of grams/milligrams for each of the selected categories on the Nutrition Label.","image, write, transcription","$0.02","Sun Feb 08 10:56:02 GMT 2015","1","BatchId:1814573;","300","18000","Sun Feb 08 13:56:02 GMT 2015","","","3570Y55XZQ1H54GGG1JPW9RJUL6YGV","ANK2T56P16TR4","Approved","Sun Feb 08 11:01:04 GMT 2015","Sun Feb 08 11:01:37 GMT 2015","Sun Feb 08 08:01:37 PST 2015","Sun Feb 08 03:57:52 PST 2015","","","33","100% (3/3)","100% (3/3)","100% (3/3)","http://www.bu.edu/nisprod/dining/data/menus/labels/44213902.gif","27","25","18","1","14","330","3"
"3ZXV7Q5FJB6V1HLMJMQHSD459TZFCB","3LOAKXD6JC8RRXJS012MK6BKBVMERV","Transcribe numbers on a Nutrition Label","Write the number of grams/milligrams for each of the selected categories on the Nutrition Label.","image, write, transcription","$0.02","Sun Feb 08 10:56:02 GMT 2015","1","BatchId:1814573;","300","18000","Sun Feb 08 13:56:02 GMT 2015","","","3GLB5JMZFYDE7TLPK5WBJOHICX1GD6","A2MA4YLW1JNR4A","Approved","Sun Feb 08 11:34:30 GMT 2015","Sun Feb 08 11:34:47 GMT 2015","Sun Feb 08 08:34:47 PST 2015","Sun Feb 08 03:57:53 PST 2015","","","17","100% (78/78)","100% (78/78)","100% (78/78)","http://www.bu.edu/nisprod/dining/data/menus/labels/42367546.gif","41","0","12","4","10","650","3"
"372AGES0I4NG751Q1DMYNF3YDZXRXJ","3LOAKXD6JC8RRXJS012MK6BKBVMERV","Transcribe numbers on a Nutrition Label","Write the number of grams/milligrams for each of the selected categories on the Nutrition Label.","image, write, transcription","$0.02","Sun Feb 08 10:56:02 GMT 2015","1","BatchId:1814573;","300","18000","Sun Feb 08 13:56:02 GMT 2015","","","320DUZ38G84RAFLHU1IMMMCVHHYGJK","A2MA4YLW1JNR4A","Approved","Sun Feb 08 11:47:06 GMT 2015","Sun Feb 08 11:47:25 GMT 2015","Sun Feb 08 08:47:25 PST 2015","Sun Feb 08 03:57:53 PST 2015","","","19","100% (78/78)","100% (78/78)","100% (78/78)","http://www.bu.edu/nisprod/dining/data/menus/labels/39356037.gif","46","70","9","4","22","550","4"
"33IXYHIZB50QXLTORIH5YIAJL172E7","3LOAKXD6JC8RRXJS012MK6BKBVMERV","Transcribe numbers on a Nutrition Label","Write the number of grams/milligrams for each of the selected categories on the Nutrition Label.","image, write, transcription","$0.02","Sun Feb 08 10:56:03 GMT 2015","1","BatchId:1814573;","300","18000","Sun Feb 08 13:56:03 GMT 2015","","","3YMU66OBIOQVJ9QR61F1A9WG4PUGHF","A2MA4YLW1JNR4A","Approved","Sun Feb 08 11:42:35 GMT 2015","Sun Feb 08 11:42:51 GMT 2015","Sun Feb 08 08:42:51 PST 2015","Sun Feb 08 03:57:52 PST 2015","","","16","100% (78/78)","100% (78/78)","100% (78/78)","http://www.bu.edu/nisprod/dining/data/menus/labels/22730802.gif","0","65","6","0","26","125","0"
"329E6HTMSWKI43HHR46DFNSGBC2K3J","3LOAKXD6JC8RRXJS012MK6BKBVMERV","Transcribe numbers on a Nutrition Label","Write the number of grams/milligrams for each of the selected categories on the Nutrition Label.","image, write, transcription","$0.02","Sun Feb 08 10:56:05 GMT 2015","1","BatchId:1814573;","300","18000","Sun Feb 08 13:56:05 GMT 2015","","","3SBEHTYCWOLV1VMB6PJSHL4Z9YZIY8","A2MA4YLW1JNR4A","Approved","Sun Feb 08 11:40:49 GMT 2015","Sun Feb 08 11:41:03 GMT 2015","Sun Feb 08 08:41:03 PST 2015","Sun Feb 08 03:57:54 PST 2015","","","14","100% (78/78)","100% (78/78)","100% (78/78)","http://www.bu.edu/nisprod/dining/data/menus/labels/6407989.gif","6","0","1","2","2","0","3"
"3FK4G712NXIKC3F4MSGGEHR2KMFSS1","3LOAKXD6JC8RRXJS012MK6BKBVMERV","Transcribe numbers on a Nutrition Label","Write the number of grams/milligrams for each of the selected categories on the Nutrition Label.","image, write, transcription","$0.02","Sun Feb 08 10:56:16 GMT 2015","1","BatchId:1814573;","300","18000","Sun Feb 08 13:56:16 GMT 2015","","","31EUONYN2WLOTN29Z99DUJWR3QVVO6","A2MA4YLW1JNR4A","Approved","Sun Feb 08 11:49:27 GMT 2015","Sun Feb 08 11:49:40 GMT 2015","Sun Feb 08 08:49:40 PST 2015","Sun Feb 08 03:57:54 PST 2015","","","13","100% (78/78)","100% (78/78)","100% (78/78)","http://www.bu.edu/nisprod/dining/data/menus/labels/947692349.gif","18","0","0","2","2","20","1"
"30U1YOGZGAEEAEWMP2LRJI52JJ4SD6","3LOAKXD6JC8RRXJS012MK6BKBVMERV","Transcribe numbers on a Nutrition Label","Write the number of grams/milligrams for each of the selected categories on the Nutrition Label.","image, write, transcription","$0.02","Sun Feb 08 10:56:16 GMT 2015","1","BatchId:1814573;","300","18000","Sun Feb 08 13:56:16 GMT 2015","","","3X08E93BHW0DPRH4Y5FB1RU11XB662","A2MA4YLW1JNR4A","Approved","Sun Feb 08 11:44:50 GMT 2015","Sun Feb 08 11:45:05 GMT 2015","Sun Feb 08 08:45:05 PST 2015","Sun Feb 08 03:57:48 PST 2015","","","15","100% (78/78)","100% (78/78)","100% (78/78)","http://www.bu.edu/nisprod/dining/data/menus/labels/941393347.gif","3","170","34","1","42","120","1"
"31KPKEKW4AVLU8EQ24B1EMBJL6A0BL","3LOAKXD6JC8RRXJS012MK6BKBVMERV","Transcribe numbers on a Nutrition Label","Write the number of grams/milligrams for each of the selected categories on the Nutrition Label.","image, write, transcription","$0.02","Sun Feb 08 10:56:16 GMT 2015","1","BatchId:1814573;","300","18000","Sun Feb 08 13:56:16 GMT 2015","","","3Z3ZLGNNSJC72QD6UCVB0TZ8R7KQ3C","A2MA4YLW1JNR4A","Approved","Sun Feb 08 11:38:08 GMT 2015","Sun Feb 08 11:38:24 GMT 2015","Sun Feb 08 08:38:24 PST 2015","Sun Feb 08 03:57:51 PST 2015","","","16","100% (78/78)","100% (78/78)","100% (78/78)","http://www.bu.edu/nisprod/dining/data/menus/labels/940033958.gif","10","0","2","2","4","65","3"
"3G4VVJO6PZYPBSM4P23KSQVHG8UPK0","3LOAKXD6JC8RRXJS012MK6BKBVMERV","Transcribe numbers on a Nutrition Label","Write the number of grams/milligrams for each of the selected categories on the Nutrition Label.","image, write, transcription","$0.02","Sun Feb 08 10:56:17 GMT 2015","1","BatchId:1814573;","300","18000","Sun Feb 08 13:56:17 GMT 2015","","","3GNA64GUZFMAG50A8VJ4FQXS53BQ52","A2MA4YLW1JNR4A","Approved","Sun Feb 08 11:45:19 GMT 2015","Sun Feb 08 11:45:36 GMT 2015","Sun Feb 08 08:45:36 PST 2015","Sun Feb 08 03:57:46 PST 2015","","","17","100% (78/78)","100% (78/78)","100% (78/78)","http://www.bu.edu/nisprod/dining/data/menus/labels/924941742.gif","48","125","17","3","38","720","1"
"3OLZC0DJ8JXBAHTCBBR7L25MAS7VIH","3LOAKXD6JC8RRXJS012MK6BKBVMERV","Transcribe numbers on a Nutrition Label","Write the number of grams/milligrams for each of the selected categories on the Nutrition Label.","image, write, transcription","$0.02","Sun Feb 08 10:56:18 GMT 2015","1","BatchId:1814573;","300","18000","Sun Feb 08 13:56:18 GMT 2015","","","3OSWBBLG1FFPTFGF9FWF7AHDFNXDXV","A2MA4YLW1JNR4A","Approved","Sun Feb 08 11:50:21 GMT 2015","Sun Feb 08 11:50:35 GMT 2015","Sun Feb 08 08:50:35 PST 2015","Sun Feb 08 03:57:47 PST 2015","","","14","100% (78/78)","100% (78/78)","100% (78/78)","http://www.bu.edu/nisprod/dining/data/menus/labels/904488934.gif","46","30","9","4","21","640","1"
"3J5XXLQDHMTWKEBTQ8KKHW3XRA9V3G","3LOAKXD6JC8RRXJS012MK6BKBVMERV","Transcribe numbers on a Nutrition Label","Write the number of grams/milligrams for each of the selected categories on the Nutrition Label.","image, write, transcription","$0.02","Sun Feb 08 10:56:18 GMT 2015","1","BatchId:1814573;","300","18000","Sun Feb 08 13:56:18 GMT 2015","","","3LOTDFNYA8H72ZPLQGVJTR6RIY7WFW","A2MA4YLW1JNR4A","Approved","Sun Feb 08 11:42:52 GMT 2015","Sun Feb 08 11:43:04 GMT 2015","Sun Feb 08 08:43:04 PST 2015","Sun Feb 08 03:57:49 PST 2015","","","12","100% (78/78)","100% (78/78)","100% (78/78)","http://www.bu.edu/nisprod/dining/data/menus/labels/898619666.gif","0","0","0","0","0","0","0"
"38XPGNCKHTIH2AUXQMP3R1V35A5V41","3LOAKXD6JC8RRXJS012MK6BKBVMERV","Transcribe numbers on a Nutrition Label","Write the number of grams/milligrams for each of the selected categories on the Nutrition Label.","image, write, transcription","$0.02","Sun Feb 08 10:56:19 GMT 2015","1","BatchId:1814573;","300","18000","Sun Feb 08 13:56:19 GMT 2015","","","3OVR4I9USQ1SKMWAUQ0UAYRE57GQ4X","A2MA4YLW1JNR4A","Approved","Sun Feb 08 11:43:05 GMT 2015","Sun Feb 08 11:43:17 GMT 2015","Sun Feb 08 08:43:17 PST 2015","Sun Feb 08 03:57:51 PST 2015","","","12","100% (78/78)","100% (78/78)","100% (78/78)","http://www.bu.edu/nisprod/dining/data/menus/labels/859943519.gif","54","15","19","2","14","800","5"
"30EMX9PEVK1MOK2WHJ7ENV0S3S1SKJ","3LOAKXD6JC8RRXJS012MK6BKBVMERV","Transcribe numbers on a Nutrition Label","Write the number of grams/milligrams for each of the selected categories on the Nutrition Label.","image, write, transcription","$0.02","Sun Feb 08 10:56:22 GMT 2015","1","BatchId:1814573;","300","18000","Sun Feb 08 13:56:22 GMT 2015","","","34V1S5K3GTJ07AJ2WCINL1L3RYJ69D","A2MA4YLW1JNR4A","Approved","Sun Feb 08 11:52:45 GMT 2015","Sun Feb 08 11:54:02 GMT 2015","Sun Feb 08 08:54:02 PST 2015","Sun Feb 08 03:57:50 PST 2015","","","77","100% (78/78)","100% (78/78)","100% (78/78)","http://www.bu.edu/nisprod/dining/data/menus/labels/792694421.gif","18","20","6","1","7","220","0"